,Train Accuracy,Validation Accuracy
0,61.329057279236274,37.98283261802575
1,75.99194510739856,38.59978540772532
2,87.37321002386635,29.07725321888412
